<?xml version="1.0" encoding="utf-8" ?>
<odoo>
    <data noupdate="1">
        <record model="ir.cron" id="import_shipment_from_shipstation_to_odoo_cronjob">
            <field name="name">Shipstation : Import Shipment</field>
            <field name="interval_number">1</field>
            <field name="interval_type">days</field>
            <field name="numbercall">-1</field>
            <field name="user_id">1</field>
            <field name="state">code</field>
            <field name="active" eval="False"/>
            <field name="user_id" ref="base.user_root"/>
            <field name="doall" eval="False"/>
            <field name="model_id" ref="stock.model_stock_picking"/>
            <field name="code">model.import_delivery_order_using_cron()</field>
        </record>
        <record model="ir.cron" id="import_sale_orders_to_shipstation_cronjob">
	        <field name="name">Import Shipstation Sale Orders</field>
	        <field name="interval_number">1</field>
	        <field name="interval_type">days</field>
	        <field name="numbercall">-1</field>
		    <field name="user_id">1</field>
			<field name="state">code</field>
	        <field name="active" eval="False"/>
            <field name="user_id" ref="base.user_root"/>
	        <field name="doall" eval="False"/>
	        <field name="model_id" ref="shipstation_shipping_odoo_integration.model_shipstation_store_vts"/>
			<field name="code">model.import_sale_orders_using_cron()</field>
	    </record>
    </data>
</odoo>